YearStart,YearEnd,LocationAbbr,LocationDesc,Datasource,Class,Topic,Question,Data_Value_Unit,Data_Value_Type,Data_Value
2011,2011,AL,Alabama,Behavioral Risk Factor Surveillance System,Obesity / Weight Status,Obesity / Weight Status,Percent of adults aged 18 years and older who have obesity,Value,32
2012,2012,AL,Alabama,Behavioral Risk Factor Surveillance System,Obesity / Weight Status,Obesity / Weight Status,Percent of adults aged 18 years and older who have obesity,Value,33
2013,2013,AL,Alabama,Behavioral Risk Factor Surveillance System,Obesity / Weight Status,Obesity / Weight Status,Percent of adults aged 18 years and older who have obesity,Value,32.4
2015,2015,US,National,Behavioral Risk Factor Surveillance System,Obesity / Weight Status,Obesity / Weight Status,Percent of adults aged 18 years and older who have obesity,Value,28.9
2014,2014,AL,Alabama,Behavioral Risk Factor Surveillance System,Obesity / Weight Status,Obesity / Weight Status,Percent of adults aged 18 years and older who have obesity,Value,33.5
2011,2011,AK,Alaska,Behavioral Risk Factor Surveillance System,Obesity / Weight Status,Obesity / Weight Status,Percent of adults aged 18 years and older who have obesity,Value,27.4
2012,2012,AK,Alaska,Behavioral Risk Factor Surveillance System,Obesity / Weight Status,Obesity / Weight Status,Percent of adults aged 18 years and older who have obesity,Value,25.7
2013,2013,AK,Alaska,Behavioral Risk Factor Surveillance System,Obesity / Weight Status,Obesity / Weight Status,Percent of adults aged 18 years and older who have obesity,Value,28.4
2014,2014,AK,Alaska,Behavioral Risk Factor Surveillance System,Obesity / Weight Status,Obesity / Weight Status,Percent of adults aged 18 years and older who have obesity,Value,29.7
2011,2011,AZ,Arizona,Behavioral Risk Factor Surveillance System,Obesity / Weight Status,Obesity / Weight Status,Percent of adults aged 18 years and older who have obesity,Value,25.1
2012,2012,AZ,Arizona,Behavioral Risk Factor Surveillance System,Obesity / Weight Status,Obesity / Weight Status,Percent of adults aged 18 years and older who have obesity,Value,26
2013,2013,AZ,Arizona,Behavioral Risk Factor Surveillance System,Obesity / Weight Status,Obesity / Weight Status,Percent of adults aged 18 years and older who have obesity,Value,26.8
2014,2014,AZ,Arizona,Behavioral Risk Factor Surveillance System,Obesity / Weight Status,Obesity / Weight Status,Percent of adults aged 18 years and older who have obesity,Value,28.9
2011,2011,AR,Arkansas,Behavioral Risk Factor Surveillance System,Obesity / Weight Status,Obesity / Weight Status,Percent of adults aged 18 years and older who have obesity,Value,30.9
2012,2012,AR,Arkansas,Behavioral Risk Factor Surveillance System,Obesity / Weight Status,Obesity / Weight Status,Percent of adults aged 18 years and older who have obesity,Value,34.5
2013,2013,AR,Arkansas,Behavioral Risk Factor Surveillance System,Obesity / Weight Status,Obesity / Weight Status,Percent of adults aged 18 years and older who have obesity,Value,34.6
2014,2014,AR,Arkansas,Behavioral Risk Factor Surveillance System,Obesity / Weight Status,Obesity / Weight Status,Percent of adults aged 18 years and older who have obesity,Value,35.9
2012,2012,CA,California,Behavioral Risk Factor Surveillance System,Obesity / Weight Status,Obesity / Weight Status,Percent of adults aged 18 years and older who have obesity,Value,25
2011,2011,CA,California,Behavioral Risk Factor Surveillance System,Obesity / Weight Status,Obesity / Weight Status,Percent of adults aged 18 years and older who have obesity,Value,23.8
2013,2013,CA,California,Behavioral Risk Factor Surveillance System,Obesity / Weight Status,Obesity / Weight Status,Percent of adults aged 18 years and older who have obesity,Value,24.1
2014,2014,CA,California,Behavioral Risk Factor Surveillance System,Obesity / Weight Status,Obesity / Weight Status,Percent of adults aged 18 years and older who have obesity,Value,24.7
2011,2011,CO,Colorado,Behavioral Risk Factor Surveillance System,Obesity / Weight Status,Obesity / Weight Status,Percent of adults aged 18 years and older who have obesity,Value,20.7
2012,2012,CO,Colorado,Behavioral Risk Factor Surveillance System,Obesity / Weight Status,Obesity / Weight Status,Percent of adults aged 18 years and older who have obesity,Value,20.5
2013,2013,CO,Colorado,Behavioral Risk Factor Surveillance System,Obesity / Weight Status,Obesity / Weight Status,Percent of adults aged 18 years and older who have obesity,Value,21.3
2014,2014,CO,Colorado,Behavioral Risk Factor Surveillance System,Obesity / Weight Status,Obesity / Weight Status,Percent of adults aged 18 years and older who have obesity,Value,21.3
2011,2011,CT,Connecticut,Behavioral Risk Factor Surveillance System,Obesity / Weight Status,Obesity / Weight Status,Percent of adults aged 18 years and older who have obesity,Value,24.5
2012,2012,CT,Connecticut,Behavioral Risk Factor Surveillance System,Obesity / Weight Status,Obesity / Weight Status,Percent of adults aged 18 years and older who have obesity,Value,25.6
2013,2013,CT,Connecticut,Behavioral Risk Factor Surveillance System,Obesity / Weight Status,Obesity / Weight Status,Percent of adults aged 18 years and older who have obesity,Value,25
2011,2011,DE,Delaware,Behavioral Risk Factor Surveillance System,Obesity / Weight Status,Obesity / Weight Status,Percent of adults aged 18 years and older who have obesity,Value,28.8
2014,2014,CT,Connecticut,Behavioral Risk Factor Surveillance System,Obesity / Weight Status,Obesity / Weight Status,Percent of adults aged 18 years and older who have obesity,Value,26.3
2012,2012,DE,Delaware,Behavioral Risk Factor Surveillance System,Obesity / Weight Status,Obesity / Weight Status,Percent of adults aged 18 years and older who have obesity,Value,26.9
2013,2013,DE,Delaware,Behavioral Risk Factor Surveillance System,Obesity / Weight Status,Obesity / Weight Status,Percent of adults aged 18 years and older who have obesity,Value,31.1
2014,2014,DE,Delaware,Behavioral Risk Factor Surveillance System,Obesity / Weight Status,Obesity / Weight Status,Percent of adults aged 18 years and older who have obesity,Value,30.7
2011,2011,DC,District of Columbia,Behavioral Risk Factor Surveillance System,Obesity / Weight Status,Obesity / Weight Status,Percent of adults aged 18 years and older who have obesity,Value,23.7
2012,2012,DC,District of Columbia,Behavioral Risk Factor Surveillance System,Obesity / Weight Status,Obesity / Weight Status,Percent of adults aged 18 years and older who have obesity,Value,21.9
2013,2013,DC,District of Columbia,Behavioral Risk Factor Surveillance System,Obesity / Weight Status,Obesity / Weight Status,Percent of adults aged 18 years and older who have obesity,Value,22.9
2014,2014,DC,District of Columbia,Behavioral Risk Factor Surveillance System,Obesity / Weight Status,Obesity / Weight Status,Percent of adults aged 18 years and older who have obesity,Value,21.7
2011,2011,FL,Florida,Behavioral Risk Factor Surveillance System,Obesity / Weight Status,Obesity / Weight Status,Percent of adults aged 18 years and older who have obesity,Value,26.6
2012,2012,FL,Florida,Behavioral Risk Factor Surveillance System,Obesity / Weight Status,Obesity / Weight Status,Percent of adults aged 18 years and older who have obesity,Value,25.2
2013,2013,FL,Florida,Behavioral Risk Factor Surveillance System,Obesity / Weight Status,Obesity / Weight Status,Percent of adults aged 18 years and older who have obesity,Value,26.4
2014,2014,FL,Florida,Behavioral Risk Factor Surveillance System,Obesity / Weight Status,Obesity / Weight Status,Percent of adults aged 18 years and older who have obesity,Value,26.2
2011,2011,GA,Georgia,Behavioral Risk Factor Surveillance System,Obesity / Weight Status,Obesity / Weight Status,Percent of adults aged 18 years and older who have obesity,Value,28
2012,2012,GA,Georgia,Behavioral Risk Factor Surveillance System,Obesity / Weight Status,Obesity / Weight Status,Percent of adults aged 18 years and older who have obesity,Value,29.1
2013,2013,GA,Georgia,Behavioral Risk Factor Surveillance System,Obesity / Weight Status,Obesity / Weight Status,Percent of adults aged 18 years and older who have obesity,Value,30.3
2014,2014,GA,Georgia,Behavioral Risk Factor Surveillance System,Obesity / Weight Status,Obesity / Weight Status,Percent of adults aged 18 years and older who have obesity,Value,30.5
2014,2014,GU,Guam,Behavioral Risk Factor Surveillance System,Obesity / Weight Status,Obesity / Weight Status,Percent of adults aged 18 years and older who have obesity,Value,28
2011,2011,HI,Hawaii,Behavioral Risk Factor Surveillance System,Obesity / Weight Status,Obesity / Weight Status,Percent of adults aged 18 years and older who have obesity,Value,21.8
2012,2012,HI,Hawaii,Behavioral Risk Factor Surveillance System,Obesity / Weight Status,Obesity / Weight Status,Percent of adults aged 18 years and older who have obesity,Value,23.6
2013,2013,HI,Hawaii,Behavioral Risk Factor Surveillance System,Obesity / Weight Status,Obesity / Weight Status,Percent of adults aged 18 years and older who have obesity,Value,21.8
2014,2014,HI,Hawaii,Behavioral Risk Factor Surveillance System,Obesity / Weight Status,Obesity / Weight Status,Percent of adults aged 18 years and older who have obesity,Value,22.1
2011,2011,ID,Idaho,Behavioral Risk Factor Surveillance System,Obesity / Weight Status,Obesity / Weight Status,Percent of adults aged 18 years and older who have obesity,Value,27
2012,2012,ID,Idaho,Behavioral Risk Factor Surveillance System,Obesity / Weight Status,Obesity / Weight Status,Percent of adults aged 18 years and older who have obesity,Value,26.8
2013,2013,ID,Idaho,Behavioral Risk Factor Surveillance System,Obesity / Weight Status,Obesity / Weight Status,Percent of adults aged 18 years and older who have obesity,Value,29.6
2014,2014,ID,Idaho,Behavioral Risk Factor Surveillance System,Obesity / Weight Status,Obesity / Weight Status,Percent of adults aged 18 years and older who have obesity,Value,28.9
2011,2011,IL,Illinois,Behavioral Risk Factor Surveillance System,Obesity / Weight Status,Obesity / Weight Status,Percent of adults aged 18 years and older who have obesity,Value,27.1
2012,2012,IL,Illinois,Behavioral Risk Factor Surveillance System,Obesity / Weight Status,Obesity / Weight Status,Percent of adults aged 18 years and older who have obesity,Value,28.1
2013,2013,IL,Illinois,Behavioral Risk Factor Surveillance System,Obesity / Weight Status,Obesity / Weight Status,Percent of adults aged 18 years and older who have obesity,Value,29.4
2014,2014,IL,Illinois,Behavioral Risk Factor Surveillance System,Obesity / Weight Status,Obesity / Weight Status,Percent of adults aged 18 years and older who have obesity,Value,29.3
2011,2011,IN,Indiana,Behavioral Risk Factor Surveillance System,Obesity / Weight Status,Obesity / Weight Status,Percent of adults aged 18 years and older who have obesity,Value,30.8
2012,2012,IN,Indiana,Behavioral Risk Factor Surveillance System,Obesity / Weight Status,Obesity / Weight Status,Percent of adults aged 18 years and older who have obesity,Value,31.4
2013,2013,IN,Indiana,Behavioral Risk Factor Surveillance System,Obesity / Weight Status,Obesity / Weight Status,Percent of adults aged 18 years and older who have obesity,Value,31.8
2014,2014,IN,Indiana,Behavioral Risk Factor Surveillance System,Obesity / Weight Status,Obesity / Weight Status,Percent of adults aged 18 years and older who have obesity,Value,32.7
2011,2011,IA,Iowa,Behavioral Risk Factor Surveillance System,Obesity / Weight Status,Obesity / Weight Status,Percent of adults aged 18 years and older who have obesity,Value,29
2012,2012,IA,Iowa,Behavioral Risk Factor Surveillance System,Obesity / Weight Status,Obesity / Weight Status,Percent of adults aged 18 years and older who have obesity,Value,30.4
2013,2013,IA,Iowa,Behavioral Risk Factor Surveillance System,Obesity / Weight Status,Obesity / Weight Status,Percent of adults aged 18 years and older who have obesity,Value,31.3
2014,2014,IA,Iowa,Behavioral Risk Factor Surveillance System,Obesity / Weight Status,Obesity / Weight Status,Percent of adults aged 18 years and older who have obesity,Value,30.9
2011,2011,KS,Kansas,Behavioral Risk Factor Surveillance System,Obesity / Weight Status,Obesity / Weight Status,Percent of adults aged 18 years and older who have obesity,Value,29.6
2012,2012,KS,Kansas,Behavioral Risk Factor Surveillance System,Obesity / Weight Status,Obesity / Weight Status,Percent of adults aged 18 years and older who have obesity,Value,29.8
2013,2013,KS,Kansas,Behavioral Risk Factor Surveillance System,Obesity / Weight Status,Obesity / Weight Status,Percent of adults aged 18 years and older who have obesity,Value,30
2014,2014,KS,Kansas,Behavioral Risk Factor Surveillance System,Obesity / Weight Status,Obesity / Weight Status,Percent of adults aged 18 years and older who have obesity,Value,31.3
2011,2011,KY,Kentucky,Behavioral Risk Factor Surveillance System,Obesity / Weight Status,Obesity / Weight Status,Percent of adults aged 18 years and older who have obesity,Value,30.4
2012,2012,KY,Kentucky,Behavioral Risk Factor Surveillance System,Obesity / Weight Status,Obesity / Weight Status,Percent of adults aged 18 years and older who have obesity,Value,31.3
2013,2013,KY,Kentucky,Behavioral Risk Factor Surveillance System,Obesity / Weight Status,Obesity / Weight Status,Percent of adults aged 18 years and older who have obesity,Value,33.2
2014,2014,KY,Kentucky,Behavioral Risk Factor Surveillance System,Obesity / Weight Status,Obesity / Weight Status,Percent of adults aged 18 years and older who have obesity,Value,31.6
2011,2011,LA,Louisiana,Behavioral Risk Factor Surveillance System,Obesity / Weight Status,Obesity / Weight Status,Percent of adults aged 18 years and older who have obesity,Value,33.4
2012,2012,LA,Louisiana,Behavioral Risk Factor Surveillance System,Obesity / Weight Status,Obesity / Weight Status,Percent of adults aged 18 years and older who have obesity,Value,34.7
2013,2013,LA,Louisiana,Behavioral Risk Factor Surveillance System,Obesity / Weight Status,Obesity / Weight Status,Percent of adults aged 18 years and older who have obesity,Value,33.1
2014,2014,LA,Louisiana,Behavioral Risk Factor Surveillance System,Obesity / Weight Status,Obesity / Weight Status,Percent of adults aged 18 years and older who have obesity,Value,34.9
2011,2011,ME,Maine,Behavioral Risk Factor Surveillance System,Obesity / Weight Status,Obesity / Weight Status,Percent of adults aged 18 years and older who have obesity,Value,27.8
2012,2012,ME,Maine,Behavioral Risk Factor Surveillance System,Obesity / Weight Status,Obesity / Weight Status,Percent of adults aged 18 years and older who have obesity,Value,28.3
2013,2013,ME,Maine,Behavioral Risk Factor Surveillance System,Obesity / Weight Status,Obesity / Weight Status,Percent of adults aged 18 years and older who have obesity,Value,28.9
2014,2014,ME,Maine,Behavioral Risk Factor Surveillance System,Obesity / Weight Status,Obesity / Weight Status,Percent of adults aged 18 years and older who have obesity,Value,28.2
2011,2011,MD,Maryland,Behavioral Risk Factor Surveillance System,Obesity / Weight Status,Obesity / Weight Status,Percent of adults aged 18 years and older who have obesity,Value,28.3
2012,2012,MD,Maryland,Behavioral Risk Factor Surveillance System,Obesity / Weight Status,Obesity / Weight Status,Percent of adults aged 18 years and older who have obesity,Value,27.6
2013,2013,MD,Maryland,Behavioral Risk Factor Surveillance System,Obesity / Weight Status,Obesity / Weight Status,Percent of adults aged 18 years and older who have obesity,Value,28.3
2014,2014,MD,Maryland,Behavioral Risk Factor Surveillance System,Obesity / Weight Status,Obesity / Weight Status,Percent of adults aged 18 years and older who have obesity,Value,29.6
2011,2011,MA,Massachusetts,Behavioral Risk Factor Surveillance System,Obesity / Weight Status,Obesity / Weight Status,Percent of adults aged 18 years and older who have obesity,Value,22.7
2012,2012,MA,Massachusetts,Behavioral Risk Factor Surveillance System,Obesity / Weight Status,Obesity / Weight Status,Percent of adults aged 18 years and older who have obesity,Value,22.9
2013,2013,MA,Massachusetts,Behavioral Risk Factor Surveillance System,Obesity / Weight Status,Obesity / Weight Status,Percent of adults aged 18 years and older who have obesity,Value,23.6
2014,2014,MA,Massachusetts,Behavioral Risk Factor Surveillance System,Obesity / Weight Status,Obesity / Weight Status,Percent of adults aged 18 years and older who have obesity,Value,23.3
2011,2011,MI,Michigan,Behavioral Risk Factor Surveillance System,Obesity / Weight Status,Obesity / Weight Status,Percent of adults aged 18 years and older who have obesity,Value,31.3
2012,2012,MI,Michigan,Behavioral Risk Factor Surveillance System,Obesity / Weight Status,Obesity / Weight Status,Percent of adults aged 18 years and older who have obesity,Value,31.1
2013,2013,MI,Michigan,Behavioral Risk Factor Surveillance System,Obesity / Weight Status,Obesity / Weight Status,Percent of adults aged 18 years and older who have obesity,Value,31.5
2014,2014,MI,Michigan,Behavioral Risk Factor Surveillance System,Obesity / Weight Status,Obesity / Weight Status,Percent of adults aged 18 years and older who have obesity,Value,30.7
2011,2011,MN,Minnesota,Behavioral Risk Factor Surveillance System,Obesity / Weight Status,Obesity / Weight Status,Percent of adults aged 18 years and older who have obesity,Value,25.7
2013,2013,MN,Minnesota,Behavioral Risk Factor Surveillance System,Obesity / Weight Status,Obesity / Weight Status,Percent of adults aged 18 years and older who have obesity,Value,25.5
2012,2012,MN,Minnesota,Behavioral Risk Factor Surveillance System,Obesity / Weight Status,Obesity / Weight Status,Percent of adults aged 18 years and older who have obesity,Value,25.7
2013,2013,MS,Mississippi,Behavioral Risk Factor Surveillance System,Obesity / Weight Status,Obesity / Weight Status,Percent of adults aged 18 years and older who have obesity,Value,35.1
2014,2014,MN,Minnesota,Behavioral Risk Factor Surveillance System,Obesity / Weight Status,Obesity / Weight Status,Percent of adults aged 18 years and older who have obesity,Value,27.6
2011,2011,MS,Mississippi,Behavioral Risk Factor Surveillance System,Obesity / Weight Status,Obesity / Weight Status,Percent of adults aged 18 years and older who have obesity,Value,34.9
2012,2012,MS,Mississippi,Behavioral Risk Factor Surveillance System,Obesity / Weight Status,Obesity / Weight Status,Percent of adults aged 18 years and older who have obesity,Value,34.6
2011,2011,MO,Missouri,Behavioral Risk Factor Surveillance System,Obesity / Weight Status,Obesity / Weight Status,Percent of adults aged 18 years and older who have obesity,Value,30.3
2014,2014,MS,Mississippi,Behavioral Risk Factor Surveillance System,Obesity / Weight Status,Obesity / Weight Status,Percent of adults aged 18 years and older who have obesity,Value,35.5
2012,2012,MO,Missouri,Behavioral Risk Factor Surveillance System,Obesity / Weight Status,Obesity / Weight Status,Percent of adults aged 18 years and older who have obesity,Value,29.6
2013,2013,MO,Missouri,Behavioral Risk Factor Surveillance System,Obesity / Weight Status,Obesity / Weight Status,Percent of adults aged 18 years and older who have obesity,Value,30.4
2014,2014,MO,Missouri,Behavioral Risk Factor Surveillance System,Obesity / Weight Status,Obesity / Weight Status,Percent of adults aged 18 years and older who have obesity,Value,30.2
2011,2011,MT,Montana,Behavioral Risk Factor Surveillance System,Obesity / Weight Status,Obesity / Weight Status,Percent of adults aged 18 years and older who have obesity,Value,24.6
2012,2012,MT,Montana,Behavioral Risk Factor Surveillance System,Obesity / Weight Status,Obesity / Weight Status,Percent of adults aged 18 years and older who have obesity,Value,24.3
2013,2013,MT,Montana,Behavioral Risk Factor Surveillance System,Obesity / Weight Status,Obesity / Weight Status,Percent of adults aged 18 years and older who have obesity,Value,24.6
2014,2014,MT,Montana,Behavioral Risk Factor Surveillance System,Obesity / Weight Status,Obesity / Weight Status,Percent of adults aged 18 years and older who have obesity,Value,26.4
2011,2011,US,National,Behavioral Risk Factor Surveillance System,Obesity / Weight Status,Obesity / Weight Status,Percent of adults aged 18 years and older who have obesity,Value,27.4
2012,2012,US,National,Behavioral Risk Factor Surveillance System,Obesity / Weight Status,Obesity / Weight Status,Percent of adults aged 18 years and older who have obesity,Value,27.7
2013,2013,US,National,Behavioral Risk Factor Surveillance System,Obesity / Weight Status,Obesity / Weight Status,Percent of adults aged 18 years and older who have obesity,Value,28.3
2014,2014,US,National,Behavioral Risk Factor Surveillance System,Obesity / Weight Status,Obesity / Weight Status,Percent of adults aged 18 years and older who have obesity,Value,28.9
2011,2011,NE,Nebraska,Behavioral Risk Factor Surveillance System,Obesity / Weight Status,Obesity / Weight Status,Percent of adults aged 18 years and older who have obesity,Value,28.4
2012,2012,NE,Nebraska,Behavioral Risk Factor Surveillance System,Obesity / Weight Status,Obesity / Weight Status,Percent of adults aged 18 years and older who have obesity,Value,28.6
2013,2013,NE,Nebraska,Behavioral Risk Factor Surveillance System,Obesity / Weight Status,Obesity / Weight Status,Percent of adults aged 18 years and older who have obesity,Value,29.6
2014,2014,NE,Nebraska,Behavioral Risk Factor Surveillance System,Obesity / Weight Status,Obesity / Weight Status,Percent of adults aged 18 years and older who have obesity,Value,30.2
2011,2011,NV,Nevada,Behavioral Risk Factor Surveillance System,Obesity / Weight Status,Obesity / Weight Status,Percent of adults aged 18 years and older who have obesity,Value,24.5
2012,2012,NV,Nevada,Behavioral Risk Factor Surveillance System,Obesity / Weight Status,Obesity / Weight Status,Percent of adults aged 18 years and older who have obesity,Value,26.2
2013,2013,NV,Nevada,Behavioral Risk Factor Surveillance System,Obesity / Weight Status,Obesity / Weight Status,Percent of adults aged 18 years and older who have obesity,Value,26.2
2014,2014,NV,Nevada,Behavioral Risk Factor Surveillance System,Obesity / Weight Status,Obesity / Weight Status,Percent of adults aged 18 years and older who have obesity,Value,27.7
2011,2011,NH,New Hampshire,Behavioral Risk Factor Surveillance System,Obesity / Weight Status,Obesity / Weight Status,Percent of adults aged 18 years and older who have obesity,Value,26.2
2012,2012,NH,New Hampshire,Behavioral Risk Factor Surveillance System,Obesity / Weight Status,Obesity / Weight Status,Percent of adults aged 18 years and older who have obesity,Value,27.3
2013,2013,NH,New Hampshire,Behavioral Risk Factor Surveillance System,Obesity / Weight Status,Obesity / Weight Status,Percent of adults aged 18 years and older who have obesity,Value,26.7
2014,2014,NH,New Hampshire,Behavioral Risk Factor Surveillance System,Obesity / Weight Status,Obesity / Weight Status,Percent of adults aged 18 years and older who have obesity,Value,27.4
2011,2011,NJ,New Jersey,Behavioral Risk Factor Surveillance System,Obesity / Weight Status,Obesity / Weight Status,Percent of adults aged 18 years and older who have obesity,Value,23.7
2012,2012,NJ,New Jersey,Behavioral Risk Factor Surveillance System,Obesity / Weight Status,Obesity / Weight Status,Percent of adults aged 18 years and older who have obesity,Value,24.6
2013,2013,NJ,New Jersey,Behavioral Risk Factor Surveillance System,Obesity / Weight Status,Obesity / Weight Status,Percent of adults aged 18 years and older who have obesity,Value,26.3
2014,2014,NJ,New Jersey,Behavioral Risk Factor Surveillance System,Obesity / Weight Status,Obesity / Weight Status,Percent of adults aged 18 years and older who have obesity,Value,26.9
2011,2011,NM,New Mexico,Behavioral Risk Factor Surveillance System,Obesity / Weight Status,Obesity / Weight Status,Percent of adults aged 18 years and older who have obesity,Value,26.3
2012,2012,NM,New Mexico,Behavioral Risk Factor Surveillance System,Obesity / Weight Status,Obesity / Weight Status,Percent of adults aged 18 years and older who have obesity,Value,27.1
2013,2013,NM,New Mexico,Behavioral Risk Factor Surveillance System,Obesity / Weight Status,Obesity / Weight Status,Percent of adults aged 18 years and older who have obesity,Value,26.4
2014,2014,NM,New Mexico,Behavioral Risk Factor Surveillance System,Obesity / Weight Status,Obesity / Weight Status,Percent of adults aged 18 years and older who have obesity,Value,28.4
2011,2011,NY,New York,Behavioral Risk Factor Surveillance System,Obesity / Weight Status,Obesity / Weight Status,Percent of adults aged 18 years and older who have obesity,Value,24.5
2012,2012,NY,New York,Behavioral Risk Factor Surveillance System,Obesity / Weight Status,Obesity / Weight Status,Percent of adults aged 18 years and older who have obesity,Value,23.6
2013,2013,NY,New York,Behavioral Risk Factor Surveillance System,Obesity / Weight Status,Obesity / Weight Status,Percent of adults aged 18 years and older who have obesity,Value,25.4
2014,2014,NY,New York,Behavioral Risk Factor Surveillance System,Obesity / Weight Status,Obesity / Weight Status,Percent of adults aged 18 years and older who have obesity,Value,27
2011,2011,NC,North Carolina,Behavioral Risk Factor Surveillance System,Obesity / Weight Status,Obesity / Weight Status,Percent of adults aged 18 years and older who have obesity,Value,29.1
2012,2012,NC,North Carolina,Behavioral Risk Factor Surveillance System,Obesity / Weight Status,Obesity / Weight Status,Percent of adults aged 18 years and older who have obesity,Value,29.6
2013,2013,NC,North Carolina,Behavioral Risk Factor Surveillance System,Obesity / Weight Status,Obesity / Weight Status,Percent of adults aged 18 years and older who have obesity,Value,29.4
2014,2014,NC,North Carolina,Behavioral Risk Factor Surveillance System,Obesity / Weight Status,Obesity / Weight Status,Percent of adults aged 18 years and older who have obesity,Value,29.7
2011,2011,ND,North Dakota,Behavioral Risk Factor Surveillance System,Obesity / Weight Status,Obesity / Weight Status,Percent of adults aged 18 years and older who have obesity,Value,27.8
2012,2012,ND,North Dakota,Behavioral Risk Factor Surveillance System,Obesity / Weight Status,Obesity / Weight Status,Percent of adults aged 18 years and older who have obesity,Value,29.7
2013,2013,ND,North Dakota,Behavioral Risk Factor Surveillance System,Obesity / Weight Status,Obesity / Weight Status,Percent of adults aged 18 years and older who have obesity,Value,31
2014,2014,ND,North Dakota,Behavioral Risk Factor Surveillance System,Obesity / Weight Status,Obesity / Weight Status,Percent of adults aged 18 years and older who have obesity,Value,32.2
2011,2011,OH,Ohio,Behavioral Risk Factor Surveillance System,Obesity / Weight Status,Obesity / Weight Status,Percent of adults aged 18 years and older who have obesity,Value,29.6
2012,2012,OH,Ohio,Behavioral Risk Factor Surveillance System,Obesity / Weight Status,Obesity / Weight Status,Percent of adults aged 18 years and older who have obesity,Value,30.1
2013,2013,OH,Ohio,Behavioral Risk Factor Surveillance System,Obesity / Weight Status,Obesity / Weight Status,Percent of adults aged 18 years and older who have obesity,Value,30.4
2014,2014,OH,Ohio,Behavioral Risk Factor Surveillance System,Obesity / Weight Status,Obesity / Weight Status,Percent of adults aged 18 years and older who have obesity,Value,32.6
2011,2011,OK,Oklahoma,Behavioral Risk Factor Surveillance System,Obesity / Weight Status,Obesity / Weight Status,Percent of adults aged 18 years and older who have obesity,Value,31.1
2012,2012,OK,Oklahoma,Behavioral Risk Factor Surveillance System,Obesity / Weight Status,Obesity / Weight Status,Percent of adults aged 18 years and older who have obesity,Value,32.2
2013,2013,OK,Oklahoma,Behavioral Risk Factor Surveillance System,Obesity / Weight Status,Obesity / Weight Status,Percent of adults aged 18 years and older who have obesity,Value,32.5
2014,2014,OK,Oklahoma,Behavioral Risk Factor Surveillance System,Obesity / Weight Status,Obesity / Weight Status,Percent of adults aged 18 years and older who have obesity,Value,33
2011,2011,OR,Oregon,Behavioral Risk Factor Surveillance System,Obesity / Weight Status,Obesity / Weight Status,Percent of adults aged 18 years and older who have obesity,Value,26.7
2012,2012,OR,Oregon,Behavioral Risk Factor Surveillance System,Obesity / Weight Status,Obesity / Weight Status,Percent of adults aged 18 years and older who have obesity,Value,27.3
2013,2013,OR,Oregon,Behavioral Risk Factor Surveillance System,Obesity / Weight Status,Obesity / Weight Status,Percent of adults aged 18 years and older who have obesity,Value,26.5
2014,2014,OR,Oregon,Behavioral Risk Factor Surveillance System,Obesity / Weight Status,Obesity / Weight Status,Percent of adults aged 18 years and older who have obesity,Value,27.9
2011,2011,PA,Pennsylvania,Behavioral Risk Factor Surveillance System,Obesity / Weight Status,Obesity / Weight Status,Percent of adults aged 18 years and older who have obesity,Value,28.6
2012,2012,PA,Pennsylvania,Behavioral Risk Factor Surveillance System,Obesity / Weight Status,Obesity / Weight Status,Percent of adults aged 18 years and older who have obesity,Value,29.1
2013,2013,PA,Pennsylvania,Behavioral Risk Factor Surveillance System,Obesity / Weight Status,Obesity / Weight Status,Percent of adults aged 18 years and older who have obesity,Value,30
2014,2014,PA,Pennsylvania,Behavioral Risk Factor Surveillance System,Obesity / Weight Status,Obesity / Weight Status,Percent of adults aged 18 years and older who have obesity,Value,30.2
2013,2013,PR,Puerto Rico,Behavioral Risk Factor Surveillance System,Obesity / Weight Status,Obesity / Weight Status,Percent of adults aged 18 years and older who have obesity,Value,27.9
2014,2014,PR,Puerto Rico,Behavioral Risk Factor Surveillance System,Obesity / Weight Status,Obesity / Weight Status,Percent of adults aged 18 years and older who have obesity,Value,28.3
2011,2011,RI,Rhode Island,Behavioral Risk Factor Surveillance System,Obesity / Weight Status,Obesity / Weight Status,Percent of adults aged 18 years and older who have obesity,Value,25.4
2012,2012,RI,Rhode Island,Behavioral Risk Factor Surveillance System,Obesity / Weight Status,Obesity / Weight Status,Percent of adults aged 18 years and older who have obesity,Value,25.7
2013,2013,RI,Rhode Island,Behavioral Risk Factor Surveillance System,Obesity / Weight Status,Obesity / Weight Status,Percent of adults aged 18 years and older who have obesity,Value,27.3
2014,2014,RI,Rhode Island,Behavioral Risk Factor Surveillance System,Obesity / Weight Status,Obesity / Weight Status,Percent of adults aged 18 years and older who have obesity,Value,27
2011,2011,SC,South Carolina,Behavioral Risk Factor Surveillance System,Obesity / Weight Status,Obesity / Weight Status,Percent of adults aged 18 years and older who have obesity,Value,30.8
2012,2012,SC,South Carolina,Behavioral Risk Factor Surveillance System,Obesity / Weight Status,Obesity / Weight Status,Percent of adults aged 18 years and older who have obesity,Value,31.6
2013,2013,SC,South Carolina,Behavioral Risk Factor Surveillance System,Obesity / Weight Status,Obesity / Weight Status,Percent of adults aged 18 years and older who have obesity,Value,31.7
2014,2014,SC,South Carolina,Behavioral Risk Factor Surveillance System,Obesity / Weight Status,Obesity / Weight Status,Percent of adults aged 18 years and older who have obesity,Value,32.1
2011,2011,SD,South Dakota,Behavioral Risk Factor Surveillance System,Obesity / Weight Status,Obesity / Weight Status,Percent of adults aged 18 years and older who have obesity,Value,28.1
2012,2012,SD,South Dakota,Behavioral Risk Factor Surveillance System,Obesity / Weight Status,Obesity / Weight Status,Percent of adults aged 18 years and older who have obesity,Value,28.1
2014,2014,SD,South Dakota,Behavioral Risk Factor Surveillance System,Obesity / Weight Status,Obesity / Weight Status,Percent of adults aged 18 years and older who have obesity,Value,29.8
2013,2013,SD,South Dakota,Behavioral Risk Factor Surveillance System,Obesity / Weight Status,Obesity / Weight Status,Percent of adults aged 18 years and older who have obesity,Value,29.9
2011,2011,TN,Tennessee,Behavioral Risk Factor Surveillance System,Obesity / Weight Status,Obesity / Weight Status,Percent of adults aged 18 years and older who have obesity,Value,29.2
2012,2012,TN,Tennessee,Behavioral Risk Factor Surveillance System,Obesity / Weight Status,Obesity / Weight Status,Percent of adults aged 18 years and older who have obesity,Value,31.1
2013,2013,TN,Tennessee,Behavioral Risk Factor Surveillance System,Obesity / Weight Status,Obesity / Weight Status,Percent of adults aged 18 years and older who have obesity,Value,33.7
2014,2014,TN,Tennessee,Behavioral Risk Factor Surveillance System,Obesity / Weight Status,Obesity / Weight Status,Percent of adults aged 18 years and older who have obesity,Value,31.2
2011,2011,TX,Texas,Behavioral Risk Factor Surveillance System,Obesity / Weight Status,Obesity / Weight Status,Percent of adults aged 18 years and older who have obesity,Value,30.4
2012,2012,TX,Texas,Behavioral Risk Factor Surveillance System,Obesity / Weight Status,Obesity / Weight Status,Percent of adults aged 18 years and older who have obesity,Value,29.2
2013,2013,TX,Texas,Behavioral Risk Factor Surveillance System,Obesity / Weight Status,Obesity / Weight Status,Percent of adults aged 18 years and older who have obesity,Value,30.9
2014,2014,TX,Texas,Behavioral Risk Factor Surveillance System,Obesity / Weight Status,Obesity / Weight Status,Percent of adults aged 18 years and older who have obesity,Value,31.9
2011,2011,UT,Utah,Behavioral Risk Factor Surveillance System,Obesity / Weight Status,Obesity / Weight Status,Percent of adults aged 18 years and older who have obesity,Value,24.4
2012,2012,UT,Utah,Behavioral Risk Factor Surveillance System,Obesity / Weight Status,Obesity / Weight Status,Percent of adults aged 18 years and older who have obesity,Value,24.3
2013,2013,UT,Utah,Behavioral Risk Factor Surveillance System,Obesity / Weight Status,Obesity / Weight Status,Percent of adults aged 18 years and older who have obesity,Value,24.1
2014,2014,UT,Utah,Behavioral Risk Factor Surveillance System,Obesity / Weight Status,Obesity / Weight Status,Percent of adults aged 18 years and older who have obesity,Value,25.7
2011,2011,VT,Vermont,Behavioral Risk Factor Surveillance System,Obesity / Weight Status,Obesity / Weight Status,Percent of adults aged 18 years and older who have obesity,Value,25.4
2012,2012,VT,Vermont,Behavioral Risk Factor Surveillance System,Obesity / Weight Status,Obesity / Weight Status,Percent of adults aged 18 years and older who have obesity,Value,23.7
2013,2013,VT,Vermont,Behavioral Risk Factor Surveillance System,Obesity / Weight Status,Obesity / Weight Status,Percent of adults aged 18 years and older who have obesity,Value,24.7
2014,2014,VT,Vermont,Behavioral Risk Factor Surveillance System,Obesity / Weight Status,Obesity / Weight Status,Percent of adults aged 18 years and older who have obesity,Value,24.8
2011,2011,VA,Virginia,Behavioral Risk Factor Surveillance System,Obesity / Weight Status,Obesity / Weight Status,Percent of adults aged 18 years and older who have obesity,Value,29.2
2012,2012,VA,Virginia,Behavioral Risk Factor Surveillance System,Obesity / Weight Status,Obesity / Weight Status,Percent of adults aged 18 years and older who have obesity,Value,27.4
2013,2013,VA,Virginia,Behavioral Risk Factor Surveillance System,Obesity / Weight Status,Obesity / Weight Status,Percent of adults aged 18 years and older who have obesity,Value,27.2
2014,2014,VA,Virginia,Behavioral Risk Factor Surveillance System,Obesity / Weight Status,Obesity / Weight Status,Percent of adults aged 18 years and older who have obesity,Value,28.5
2011,2011,WA,Washington,Behavioral Risk Factor Surveillance System,Obesity / Weight Status,Obesity / Weight Status,Percent of adults aged 18 years and older who have obesity,Value,26.5
2012,2012,WA,Washington,Behavioral Risk Factor Surveillance System,Obesity / Weight Status,Obesity / Weight Status,Percent of adults aged 18 years and older who have obesity,Value,26.8
2013,2013,WA,Washington,Behavioral Risk Factor Surveillance System,Obesity / Weight Status,Obesity / Weight Status,Percent of adults aged 18 years and older who have obesity,Value,27.2
2014,2014,WA,Washington,Behavioral Risk Factor Surveillance System,Obesity / Weight Status,Obesity / Weight Status,Percent of adults aged 18 years and older who have obesity,Value,27.3
2011,2011,WV,West Virginia,Behavioral Risk Factor Surveillance System,Obesity / Weight Status,Obesity / Weight Status,Percent of adults aged 18 years and older who have obesity,Value,32.4
2012,2012,WV,West Virginia,Behavioral Risk Factor Surveillance System,Obesity / Weight Status,Obesity / Weight Status,Percent of adults aged 18 years and older who have obesity,Value,33.8
2013,2013,WV,West Virginia,Behavioral Risk Factor Surveillance System,Obesity / Weight Status,Obesity / Weight Status,Percent of adults aged 18 years and older who have obesity,Value,35.1
2014,2014,WV,West Virginia,Behavioral Risk Factor Surveillance System,Obesity / Weight Status,Obesity / Weight Status,Percent of adults aged 18 years and older who have obesity,Value,35.7
2011,2011,WI,Wisconsin,Behavioral Risk Factor Surveillance System,Obesity / Weight Status,Obesity / Weight Status,Percent of adults aged 18 years and older who have obesity,Value,27.7
2012,2012,WI,Wisconsin,Behavioral Risk Factor Surveillance System,Obesity / Weight Status,Obesity / Weight Status,Percent of adults aged 18 years and older who have obesity,Value,29.7
2013,2013,WI,Wisconsin,Behavioral Risk Factor Surveillance System,Obesity / Weight Status,Obesity / Weight Status,Percent of adults aged 18 years and older who have obesity,Value,29.8
2014,2014,WI,Wisconsin,Behavioral Risk Factor Surveillance System,Obesity / Weight Status,Obesity / Weight Status,Percent of adults aged 18 years and older who have obesity,Value,31.2
2011,2011,WY,Wyoming,Behavioral Risk Factor Surveillance System,Obesity / Weight Status,Obesity / Weight Status,Percent of adults aged 18 years and older who have obesity,Value,25
2012,2012,WY,Wyoming,Behavioral Risk Factor Surveillance System,Obesity / Weight Status,Obesity / Weight Status,Percent of adults aged 18 years and older who have obesity,Value,24.6
2013,2013,WY,Wyoming,Behavioral Risk Factor Surveillance System,Obesity / Weight Status,Obesity / Weight Status,Percent of adults aged 18 years and older who have obesity,Value,27.8
2014,2014,WY,Wyoming,Behavioral Risk Factor Surveillance System,Obesity / Weight Status,Obesity / Weight Status,Percent of adults aged 18 years and older who have obesity,Value,29.5
2015,2015,AL,Alabama,Behavioral Risk Factor Surveillance System,Obesity / Weight Status,Obesity / Weight Status,Percent of adults aged 18 years and older who have obesity,Value,35.6
2015,2015,AK,Alaska,Behavioral Risk Factor Surveillance System,Obesity / Weight Status,Obesity / Weight Status,Percent of adults aged 18 years and older who have obesity,Value,29.8
2015,2015,AZ,Arizona,Behavioral Risk Factor Surveillance System,Obesity / Weight Status,Obesity / Weight Status,Percent of adults aged 18 years and older who have obesity,Value,28.4
2015,2015,AR,Arkansas,Behavioral Risk Factor Surveillance System,Obesity / Weight Status,Obesity / Weight Status,Percent of adults aged 18 years and older who have obesity,Value,34.5
2015,2015,CA,California,Behavioral Risk Factor Surveillance System,Obesity / Weight Status,Obesity / Weight Status,Percent of adults aged 18 years and older who have obesity,Value,24.2
2015,2015,CO,Colorado,Behavioral Risk Factor Surveillance System,Obesity / Weight Status,Obesity / Weight Status,Percent of adults aged 18 years and older who have obesity,Value,20.2
2015,2015,CT,Connecticut,Behavioral Risk Factor Surveillance System,Obesity / Weight Status,Obesity / Weight Status,Percent of adults aged 18 years and older who have obesity,Value,25.3
2015,2015,DE,Delaware,Behavioral Risk Factor Surveillance System,Obesity / Weight Status,Obesity / Weight Status,Percent of adults aged 18 years and older who have obesity,Value,29.7
2015,2015,DC,District of Columbia,Behavioral Risk Factor Surveillance System,Obesity / Weight Status,Obesity / Weight Status,Percent of adults aged 18 years and older who have obesity,Value,22.1
2015,2015,FL,Florida,Behavioral Risk Factor Surveillance System,Obesity / Weight Status,Obesity / Weight Status,Percent of adults aged 18 years and older who have obesity,Value,26.8
2015,2015,GA,Georgia,Behavioral Risk Factor Surveillance System,Obesity / Weight Status,Obesity / Weight Status,Percent of adults aged 18 years and older who have obesity,Value,30.7
2015,2015,HI,Hawaii,Behavioral Risk Factor Surveillance System,Obesity / Weight Status,Obesity / Weight Status,Percent of adults aged 18 years and older who have obesity,Value,22.7
2015,2015,ID,Idaho,Behavioral Risk Factor Surveillance System,Obesity / Weight Status,Obesity / Weight Status,Percent of adults aged 18 years and older who have obesity,Value,28.6
2015,2015,IL,Illinois,Behavioral Risk Factor Surveillance System,Obesity / Weight Status,Obesity / Weight Status,Percent of adults aged 18 years and older who have obesity,Value,30.8
2015,2015,IN,Indiana,Behavioral Risk Factor Surveillance System,Obesity / Weight Status,Obesity / Weight Status,Percent of adults aged 18 years and older who have obesity,Value,31.3
2015,2015,IA,Iowa,Behavioral Risk Factor Surveillance System,Obesity / Weight Status,Obesity / Weight Status,Percent of adults aged 18 years and older who have obesity,Value,32.1
2015,2015,KS,Kansas,Behavioral Risk Factor Surveillance System,Obesity / Weight Status,Obesity / Weight Status,Percent of adults aged 18 years and older who have obesity,Value,34.2
2015,2015,KY,Kentucky,Behavioral Risk Factor Surveillance System,Obesity / Weight Status,Obesity / Weight Status,Percent of adults aged 18 years and older who have obesity,Value,34.6
2015,2015,LA,Louisiana,Behavioral Risk Factor Surveillance System,Obesity / Weight Status,Obesity / Weight Status,Percent of adults aged 18 years and older who have obesity,Value,36.2
2015,2015,ME,Maine,Behavioral Risk Factor Surveillance System,Obesity / Weight Status,Obesity / Weight Status,Percent of adults aged 18 years and older who have obesity,Value,30
2015,2015,MD,Maryland,Behavioral Risk Factor Surveillance System,Obesity / Weight Status,Obesity / Weight Status,Percent of adults aged 18 years and older who have obesity,Value,28.9
2015,2015,MA,Massachusetts,Behavioral Risk Factor Surveillance System,Obesity / Weight Status,Obesity / Weight Status,Percent of adults aged 18 years and older who have obesity,Value,24.3
2015,2015,MI,Michigan,Behavioral Risk Factor Surveillance System,Obesity / Weight Status,Obesity / Weight Status,Percent of adults aged 18 years and older who have obesity,Value,31.2
2015,2015,MN,Minnesota,Behavioral Risk Factor Surveillance System,Obesity / Weight Status,Obesity / Weight Status,Percent of adults aged 18 years and older who have obesity,Value,26.1
2015,2015,MS,Mississippi,Behavioral Risk Factor Surveillance System,Obesity / Weight Status,Obesity / Weight Status,Percent of adults aged 18 years and older who have obesity,Value,35.6
2015,2015,MO,Missouri,Behavioral Risk Factor Surveillance System,Obesity / Weight Status,Obesity / Weight Status,Percent of adults aged 18 years and older who have obesity,Value,32.4
2015,2015,MT,Montana,Behavioral Risk Factor Surveillance System,Obesity / Weight Status,Obesity / Weight Status,Percent of adults aged 18 years and older who have obesity,Value,23.6
2015,2015,NE,Nebraska,Behavioral Risk Factor Surveillance System,Obesity / Weight Status,Obesity / Weight Status,Percent of adults aged 18 years and older who have obesity,Value,31.4
2015,2015,NV,Nevada,Behavioral Risk Factor Surveillance System,Obesity / Weight Status,Obesity / Weight Status,Percent of adults aged 18 years and older who have obesity,Value,26.7
2015,2015,NH,New Hampshire,Behavioral Risk Factor Surveillance System,Obesity / Weight Status,Obesity / Weight Status,Percent of adults aged 18 years and older who have obesity,Value,26.3
2015,2015,NJ,New Jersey,Behavioral Risk Factor Surveillance System,Obesity / Weight Status,Obesity / Weight Status,Percent of adults aged 18 years and older who have obesity,Value,25.6
2015,2015,NM,New Mexico,Behavioral Risk Factor Surveillance System,Obesity / Weight Status,Obesity / Weight Status,Percent of adults aged 18 years and older who have obesity,Value,28.8
2015,2015,NY,New York,Behavioral Risk Factor Surveillance System,Obesity / Weight Status,Obesity / Weight Status,Percent of adults aged 18 years and older who have obesity,Value,25
2015,2015,NC,North Carolina,Behavioral Risk Factor Surveillance System,Obesity / Weight Status,Obesity / Weight Status,Percent of adults aged 18 years and older who have obesity,Value,30.1
2015,2015,ND,North Dakota,Behavioral Risk Factor Surveillance System,Obesity / Weight Status,Obesity / Weight Status,Percent of adults aged 18 years and older who have obesity,Value,31
2015,2015,OH,Ohio,Behavioral Risk Factor Surveillance System,Obesity / Weight Status,Obesity / Weight Status,Percent of adults aged 18 years and older who have obesity,Value,29.8
2015,2015,OK,Oklahoma,Behavioral Risk Factor Surveillance System,Obesity / Weight Status,Obesity / Weight Status,Percent of adults aged 18 years and older who have obesity,Value,33.9
2015,2015,OR,Oregon,Behavioral Risk Factor Surveillance System,Obesity / Weight Status,Obesity / Weight Status,Percent of adults aged 18 years and older who have obesity,Value,30.1
2015,2015,PA,Pennsylvania,Behavioral Risk Factor Surveillance System,Obesity / Weight Status,Obesity / Weight Status,Percent of adults aged 18 years and older who have obesity,Value,30
2015,2015,RI,Rhode Island,Behavioral Risk Factor Surveillance System,Obesity / Weight Status,Obesity / Weight Status,Percent of adults aged 18 years and older who have obesity,Value,26
2015,2015,SC,South Carolina,Behavioral Risk Factor Surveillance System,Obesity / Weight Status,Obesity / Weight Status,Percent of adults aged 18 years and older who have obesity,Value,31.7
2015,2015,SD,South Dakota,Behavioral Risk Factor Surveillance System,Obesity / Weight Status,Obesity / Weight Status,Percent of adults aged 18 years and older who have obesity,Value,30.4
2015,2015,TN,Tennessee,Behavioral Risk Factor Surveillance System,Obesity / Weight Status,Obesity / Weight Status,Percent of adults aged 18 years and older who have obesity,Value,33.8
2015,2015,TX,Texas,Behavioral Risk Factor Surveillance System,Obesity / Weight Status,Obesity / Weight Status,Percent of adults aged 18 years and older who have obesity,Value,32.4
2015,2015,UT,Utah,Behavioral Risk Factor Surveillance System,Obesity / Weight Status,Obesity / Weight Status,Percent of adults aged 18 years and older who have obesity,Value,24.5
2015,2015,VT,Vermont,Behavioral Risk Factor Surveillance System,Obesity / Weight Status,Obesity / Weight Status,Percent of adults aged 18 years and older who have obesity,Value,25.1
2015,2015,VA,Virginia,Behavioral Risk Factor Surveillance System,Obesity / Weight Status,Obesity / Weight Status,Percent of adults aged 18 years and older who have obesity,Value,29.2
2015,2015,WA,Washington,Behavioral Risk Factor Surveillance System,Obesity / Weight Status,Obesity / Weight Status,Percent of adults aged 18 years and older who have obesity,Value,26.4
2015,2015,WV,West Virginia,Behavioral Risk Factor Surveillance System,Obesity / Weight Status,Obesity / Weight Status,Percent of adults aged 18 years and older who have obesity,Value,35.6
2015,2015,WI,Wisconsin,Behavioral Risk Factor Surveillance System,Obesity / Weight Status,Obesity / Weight Status,Percent of adults aged 18 years and older who have obesity,Value,30.7
2015,2015,WY,Wyoming,Behavioral Risk Factor Surveillance System,Obesity / Weight Status,Obesity / Weight Status,Percent of adults aged 18 years and older who have obesity,Value,29
2015,2015,GU,Guam,Behavioral Risk Factor Surveillance System,Obesity / Weight Status,Obesity / Weight Status,Percent of adults aged 18 years and older who have obesity,Value,31.6
2015,2015,PR,Puerto Rico,Behavioral Risk Factor Surveillance System,Obesity / Weight Status,Obesity / Weight Status,Percent of adults aged 18 years and older who have obesity,Value,29.5
2016,2016,LA,Louisiana,Behavioral Risk Factor Surveillance System,Obesity / Weight Status,Obesity / Weight Status,Percent of adults aged 18 years and older who have obesity,Value,35.5
2016,2016,ME,Maine,Behavioral Risk Factor Surveillance System,Obesity / Weight Status,Obesity / Weight Status,Percent of adults aged 18 years and older who have obesity,Value,29.9
2016,2016,MD,Maryland,Behavioral Risk Factor Surveillance System,Obesity / Weight Status,Obesity / Weight Status,Percent of adults aged 18 years and older who have obesity,Value,29.9
2016,2016,MA,Massachusetts,Behavioral Risk Factor Surveillance System,Obesity / Weight Status,Obesity / Weight Status,Percent of adults aged 18 years and older who have obesity,Value,23.6
2016,2016,MI,Michigan,Behavioral Risk Factor Surveillance System,Obesity / Weight Status,Obesity / Weight Status,Percent of adults aged 18 years and older who have obesity,Value,32.5
2016,2016,MN,Minnesota,Behavioral Risk Factor Surveillance System,Obesity / Weight Status,Obesity / Weight Status,Percent of adults aged 18 years and older who have obesity,Value,27.8
2016,2016,MS,Mississippi,Behavioral Risk Factor Surveillance System,Obesity / Weight Status,Obesity / Weight Status,Percent of adults aged 18 years and older who have obesity,Value,37.3
2016,2016,MO,Missouri,Behavioral Risk Factor Surveillance System,Obesity / Weight Status,Obesity / Weight Status,Percent of adults aged 18 years and older who have obesity,Value,31.7
2016,2016,KS,Kansas,Behavioral Risk Factor Surveillance System,Obesity / Weight Status,Obesity / Weight Status,Percent of adults aged 18 years and older who have obesity,Value,31.2
2016,2016,KY,Kentucky,Behavioral Risk Factor Surveillance System,Obesity / Weight Status,Obesity / Weight Status,Percent of adults aged 18 years and older who have obesity,Value,34.2
2016,2016,US,National,Behavioral Risk Factor Surveillance System,Obesity / Weight Status,Obesity / Weight Status,Percent of adults aged 18 years and older who have obesity,Value,29.6
2016,2016,AL,Alabama,Behavioral Risk Factor Surveillance System,Obesity / Weight Status,Obesity / Weight Status,Percent of adults aged 18 years and older who have obesity,Value,35.7
2016,2016,AK,Alaska,Behavioral Risk Factor Surveillance System,Obesity / Weight Status,Obesity / Weight Status,Percent of adults aged 18 years and older who have obesity,Value,31.4
2016,2016,AZ,Arizona,Behavioral Risk Factor Surveillance System,Obesity / Weight Status,Obesity / Weight Status,Percent of adults aged 18 years and older who have obesity,Value,29
2016,2016,AR,Arkansas,Behavioral Risk Factor Surveillance System,Obesity / Weight Status,Obesity / Weight Status,Percent of adults aged 18 years and older who have obesity,Value,35.7
2016,2016,CA,California,Behavioral Risk Factor Surveillance System,Obesity / Weight Status,Obesity / Weight Status,Percent of adults aged 18 years and older who have obesity,Value,25
2016,2016,CO,Colorado,Behavioral Risk Factor Surveillance System,Obesity / Weight Status,Obesity / Weight Status,Percent of adults aged 18 years and older who have obesity,Value,22.3
2016,2016,CT,Connecticut,Behavioral Risk Factor Surveillance System,Obesity / Weight Status,Obesity / Weight Status,Percent of adults aged 18 years and older who have obesity,Value,26
2016,2016,DE,Delaware,Behavioral Risk Factor Surveillance System,Obesity / Weight Status,Obesity / Weight Status,Percent of adults aged 18 years and older who have obesity,Value,30.7
2016,2016,DC,District of Columbia,Behavioral Risk Factor Surveillance System,Obesity / Weight Status,Obesity / Weight Status,Percent of adults aged 18 years and older who have obesity,Value,22.6
2016,2016,FL,Florida,Behavioral Risk Factor Surveillance System,Obesity / Weight Status,Obesity / Weight Status,Percent of adults aged 18 years and older who have obesity,Value,27.4
2016,2016,GA,Georgia,Behavioral Risk Factor Surveillance System,Obesity / Weight Status,Obesity / Weight Status,Percent of adults aged 18 years and older who have obesity,Value,31.4
2016,2016,HI,Hawaii,Behavioral Risk Factor Surveillance System,Obesity / Weight Status,Obesity / Weight Status,Percent of adults aged 18 years and older who have obesity,Value,23.8
2016,2016,ID,Idaho,Behavioral Risk Factor Surveillance System,Obesity / Weight Status,Obesity / Weight Status,Percent of adults aged 18 years and older who have obesity,Value,27.4
2016,2016,IL,Illinois,Behavioral Risk Factor Surveillance System,Obesity / Weight Status,Obesity / Weight Status,Percent of adults aged 18 years and older who have obesity,Value,31.6
2016,2016,IN,Indiana,Behavioral Risk Factor Surveillance System,Obesity / Weight Status,Obesity / Weight Status,Percent of adults aged 18 years and older who have obesity,Value,32.5
2016,2016,IA,Iowa,Behavioral Risk Factor Surveillance System,Obesity / Weight Status,Obesity / Weight Status,Percent of adults aged 18 years and older who have obesity,Value,32
2016,2016,MT,Montana,Behavioral Risk Factor Surveillance System,Obesity / Weight Status,Obesity / Weight Status,Percent of adults aged 18 years and older who have obesity,Value,25.5
2016,2016,NE,Nebraska,Behavioral Risk Factor Surveillance System,Obesity / Weight Status,Obesity / Weight Status,Percent of adults aged 18 years and older who have obesity,Value,32
2016,2016,NV,Nevada,Behavioral Risk Factor Surveillance System,Obesity / Weight Status,Obesity / Weight Status,Percent of adults aged 18 years and older who have obesity,Value,25.8
2016,2016,NH,New Hampshire,Behavioral Risk Factor Surveillance System,Obesity / Weight Status,Obesity / Weight Status,Percent of adults aged 18 years and older who have obesity,Value,26.6
2016,2016,NJ,New Jersey,Behavioral Risk Factor Surveillance System,Obesity / Weight Status,Obesity / Weight Status,Percent of adults aged 18 years and older who have obesity,Value,27.4
2016,2016,NM,New Mexico,Behavioral Risk Factor Surveillance System,Obesity / Weight Status,Obesity / Weight Status,Percent of adults aged 18 years and older who have obesity,Value,28.3
2016,2016,NY,New York,Behavioral Risk Factor Surveillance System,Obesity / Weight Status,Obesity / Weight Status,Percent of adults aged 18 years and older who have obesity,Value,25.5
2016,2016,NC,North Carolina,Behavioral Risk Factor Surveillance System,Obesity / Weight Status,Obesity / Weight Status,Percent of adults aged 18 years and older who have obesity,Value,31.8
2016,2016,ND,North Dakota,Behavioral Risk Factor Surveillance System,Obesity / Weight Status,Obesity / Weight Status,Percent of adults aged 18 years and older who have obesity,Value,31.9
2016,2016,OH,Ohio,Behavioral Risk Factor Surveillance System,Obesity / Weight Status,Obesity / Weight Status,Percent of adults aged 18 years and older who have obesity,Value,31.5
2016,2016,OK,Oklahoma,Behavioral Risk Factor Surveillance System,Obesity / Weight Status,Obesity / Weight Status,Percent of adults aged 18 years and older who have obesity,Value,32.8
2016,2016,OR,Oregon,Behavioral Risk Factor Surveillance System,Obesity / Weight Status,Obesity / Weight Status,Percent of adults aged 18 years and older who have obesity,Value,28.7
2016,2016,PA,Pennsylvania,Behavioral Risk Factor Surveillance System,Obesity / Weight Status,Obesity / Weight Status,Percent of adults aged 18 years and older who have obesity,Value,30.3
2016,2016,RI,Rhode Island,Behavioral Risk Factor Surveillance System,Obesity / Weight Status,Obesity / Weight Status,Percent of adults aged 18 years and older who have obesity,Value,26.6
2016,2016,SC,South Carolina,Behavioral Risk Factor Surveillance System,Obesity / Weight Status,Obesity / Weight Status,Percent of adults aged 18 years and older who have obesity,Value,32.3
2016,2016,SD,South Dakota,Behavioral Risk Factor Surveillance System,Obesity / Weight Status,Obesity / Weight Status,Percent of adults aged 18 years and older who have obesity,Value,29.6
2016,2016,TN,Tennessee,Behavioral Risk Factor Surveillance System,Obesity / Weight Status,Obesity / Weight Status,Percent of adults aged 18 years and older who have obesity,Value,34.8
2016,2016,TX,Texas,Behavioral Risk Factor Surveillance System,Obesity / Weight Status,Obesity / Weight Status,Percent of adults aged 18 years and older who have obesity,Value,33.7
2016,2016,UT,Utah,Behavioral Risk Factor Surveillance System,Obesity / Weight Status,Obesity / Weight Status,Percent of adults aged 18 years and older who have obesity,Value,25.4
2016,2016,VT,Vermont,Behavioral Risk Factor Surveillance System,Obesity / Weight Status,Obesity / Weight Status,Percent of adults aged 18 years and older who have obesity,Value,27.1
2016,2016,VA,Virginia,Behavioral Risk Factor Surveillance System,Obesity / Weight Status,Obesity / Weight Status,Percent of adults aged 18 years and older who have obesity,Value,29
2016,2016,WA,Washington,Behavioral Risk Factor Surveillance System,Obesity / Weight Status,Obesity / Weight Status,Percent of adults aged 18 years and older who have obesity,Value,28.6
2016,2016,WV,West Virginia,Behavioral Risk Factor Surveillance System,Obesity / Weight Status,Obesity / Weight Status,Percent of adults aged 18 years and older who have obesity,Value,37.7
2016,2016,WI,Wisconsin,Behavioral Risk Factor Surveillance System,Obesity / Weight Status,Obesity / Weight Status,Percent of adults aged 18 years and older who have obesity,Value,30.7
2016,2016,WY,Wyoming,Behavioral Risk Factor Surveillance System,Obesity / Weight Status,Obesity / Weight Status,Percent of adults aged 18 years and older who have obesity,Value,27.7
2016,2016,GU,Guam,Behavioral Risk Factor Surveillance System,Obesity / Weight Status,Obesity / Weight Status,Percent of adults aged 18 years and older who have obesity,Value,28.3
2016,2016,PR,Puerto Rico,Behavioral Risk Factor Surveillance System,Obesity / Weight Status,Obesity / Weight Status,Percent of adults aged 18 years and older who have obesity,Value,30.7
2016,2016,VI,Virgin Islands,Behavioral Risk Factor Surveillance System,Obesity / Weight Status,Obesity / Weight Status,Percent of adults aged 18 years and older who have obesity,Value,32.5
